,performance,cost,numOfUsers,latitude
0,2.1143822989344353e-244,217312.10996061636,431.8644083105164,28.538331660758057
1,2.014136364714292e-244,366837.53322808794,731.6362989687353,23.993571583675916
2,1.9974332277849614e-244,69076.43313360632,131.36757248724427,4.155108646466907
3,1.9724661931016156e-244,493391.4774267478,985.01139017152,6.269432442663849
4,1.9109291550427292e-244,419021.97087807744,836.1349976237361,15.722609802929476
5,1.859151971746749e-244,264033.17849048343,525.6204467148232,13.640680036361225
6,1.7997784516635785e-244,106787.00276955245,208.93653738970966,16.097468151873635
7,1.6788120118058878e-244,331558.4127535978,660.9669950228857,34.19041747100751
8,1.607354551267551e-244,218894.0829716222,435.0412049857764,21.51356751563145
9,1.5737747126118933e-244,82227.26082889388,158.6645415359351,10.500818596828495
10,1.5104236078365265e-244,371068.5297064219,740.110185286384,20.333852715765463
11,1.4319151095914096e-244,99550.27225757916,194.1867869840529,26.335684823433354
12,1.3752792363751371e-244,147351.6868527407,291.0925199462008,19.975783721546062
13,1.3063392403407059e-244,182041.52026098722,360.97764699880565,25.386229776114945
14,1.238265283333657e-244,113428.21502165688,222.43977490451846,26.40381779245185
15,1.1829501273503174e-244,94020.98940231714,182.88639355173234,22.59092014398399
16,1.1605854933343796e-244,379345.41351030517,756.6864479914665,9.498012673058291
17,1.0802952000348357e-244,198073.25918334542,393.213727247418,35.21030895052551
18,1.0598285260901124e-244,252225.82662460618,501.93752057563097,9.51801914445888
19,1.0375072235501763e-244,128658.90445911894,253.31762286164007,10.586658476890847
20,1.0265150474458718e-244,180323.05166003472,357.52035019979166,5.311503418510455
21,9.839892162609357e-245,143100.0007245128,282.5098295666319,20.932781766671678
22,9.34006946859942e-245,346088.2089724043,690.0750885204565,25.728757430112577
23,9.161901967291796e-245,80469.71151436059,155.03737938602194,9.58372778161598
24,8.575650304516026e-245,118077.21081362477,231.87681931125508,32.52286170098164
25,8.064203744070476e-245,78357.59258835515,150.67108531912788,30.2780763881387
26,7.535510025632361e-245,376866.76889561326,751.7225264495955,33.33592216470878
27,7.29274750497494e-245,394784.6092303172,787.6042668574232,16.23976746366111
28,7.101535831082347e-245,120581.69596202517,236.95604603558172,13.196792055445549
29,6.922020439887262e-245,283369.4640589363,564.3923471377188,12.720095332225934
30,6.617933038539932e-245,83179.34426205489,160.62723690581652,22.211904179976212
31,6.129757574542851e-245,258185.78492612074,513.8926617912646,37.58925038462547
32,5.7105293170683466e-245,257341.7832857738,512.199770514324,34.801733467325306
33,5.428458020394761e-245,249924.99192104745,497.32179826355474,25.01022961805434
34,5.150157400460993e-245,76201.82168804947,146.20547979803155,25.970726666466398
35,4.7961495778430015e-245,185003.862147207,366.9365213594093,34.98045729714351
36,4.563721559907827e-245,213079.23635248578,423.3633242913196,24.531588447015316
37,4.232098245212862e-245,386343.48197853664,770.7008485253151,37.017708797515716
38,4.1420734720961685e-245,309786.0248936574,617.3409634914992,10.693121715985
39,3.9449399141094406e-245,133272.25719618093,262.6509401313293,24.086563802263285
40,3.6467260882345016e-245,167351.11344157293,331.40898793165206,38.539657414075755
41,3.533338495730597e-245,302237.75831216085,602.2135057382186,15.669254297584896
42,3.2571687600475003e-245,377870.60829859565,753.732901850503,39.87559751367065
43,3.0070724247943664e-245,469718.3129463819,937.626068224034,39.15836473791772
44,2.8575830483486003e-245,112144.71124551602,219.83224079072124,25.173141501455703
45,2.726970936778108e-245,357422.30221884715,712.7783543258784,23.120886231312696
46,2.527094438471807e-245,187734.6149730914,372.4285701771471,37.345420244931006
47,2.4712947485654212e-245,221623.794669784,440.522364786284,11.10191206887492
48,2.3723829234561012e-245,124019.17158384882,243.9226007242196,20.21649993550439
49,2.293852335939816e-245,64270.03218788748,121.27322344927927,16.69027590729352
50,2.264568111112712e-245,390722.7438793538,779.4704668537237,6.403701158258002
51,2.2221041363392637e-245,265198.19516115024,527.9568788195822,9.420102793880833
52,2.1807528946876324e-245,201914.11639905567,400.9326525925942,9.348218395006377
53,2.132581950030173e-245,198558.61119927047,394.1892142936978,11.106241702657261
54,1.9851695164784866e-245,415842.06839381624,829.7682183622437,35.1808067977721
55,1.9032247368977867e-245,389931.9735931885,777.8869414552122,20.856741685272286
56,1.8183466982347783e-245,438343.3715357868,874.8179909335557,22.552794587250816
57,1.755134483925448e-245,163116.39170833174,322.8789601771965,17.53553009279621
58,1.7079530820470909e-245,165324.69064927046,327.32754800146506,13.532529547181262
59,1.6030481818207242e-245,436420.5848242064,870.9685778933368,31.197346220098183
60,1.5844819966277113e-245,243777.0718146627,484.98709161259444,5.807765619952285
61,1.5569597902756122e-245,484277.9247540565,966.769726422927,8.722967475195325
62,1.531346875647228e-245,365301.0715387104,728.5589880103541,8.25940629575133
63,1.414682183398682e-245,69440.56210165653,132.12917739659997,38.84671717517627
64,1.3592110038666938e-245,360462.8671090076,718.8685172419318,19.801578267159464
65,1.3311791131022374e-245,102769.85138026402,200.7539744729803,10.365546818597778
66,1.322802223862642e-245,125510.15232967216,246.94266721183078,3.151382627482711
67,1.313781797679849e-245,276810.8139845273,551.242925468057,3.4154224470943646
68,1.2378417222229335e-245,481227.07935309515,960.6630384386351,29.331495612038037
69,1.1684021086734109e-245,145677.80090800583,287.71409059061466,28.453463986527126
70,1.0960467461453378e-245,71135.0065807951,135.66810703486362,31.458191278914068
71,1.0815658200070101e-245,98613.37080429585,192.27405012736176,6.627944996282309
72,1.0717084290323558e-245,235090.12935847926,467.55478073809957,4.567430753966093
73,1.0249255143894752e-245,500008.5917479179,998.2558556301251,22.069865264045447
74,9.54725376497285e-246,496032.92326080136,990.298401073669,34.85385392217907
75,9.097531520249348e-246,277580.9709640715,552.7870907191336,23.836530179500404
76,8.450867177115975e-246,140624.59395808194,277.51055332772546,36.19571351288806
77,8.216289684490503e-246,284551.4007581237,566.7618502867044,13.976572988279472
78,7.756753728485756e-246,362163.31568383775,722.2743996946142,28.36728284255082
79,7.411963973521252e-246,310104.1392714215,617.9784622200057,22.477757035306908
80,7.288505869868495e-246,399017.4947849803,796.0803120223281,8.363271108327304
81,6.779316321107954e-246,188149.31724698527,373.262534080431,35.56337345077686
82,6.582920122547509e-246,463838.0120818385,925.8551614287032,14.591410730748205
83,6.360144498025155e-246,191289.3078866966,379.57638372581414,17.066360057881987
84,6.074230431007454e-246,460280.4770452451,918.7337285556284,22.73546090982643
85,5.856754795897901e-246,87989.60493140267,170.5223151789486,18.064662977622465
86,5.542281483375963e-246,144415.01848440443,285.1649124502636,27.217456479724554
87,5.412020566296287e-246,239203.90558195947,475.8105367420369,11.821434081279783
88,4.998838209917151e-246,358245.1795783822,714.4265689324791,38.93044173853367
89,4.623315294228359e-246,248402.1004417633,494.2665690719578,38.2942437239906
90,4.3746382133273595e-246,222587.8728018666,442.4580687124254,27.265509095647282
91,4.1012887442334826e-246,225635.9789792363,448.57771418315724,31.746441160396436
92,4.018823296273271e-246,290606.3567215508,578.8998784810453,10.104653833753751
93,3.801520783386948e-246,379002.29304404947,755.9992941441952,27.41127847745212
94,3.6896859997305055e-246,409378.7632552111,816.8270970440758,14.819018041620755
95,3.520582583408191e-246,306066.1782803016,609.8862224917026,23.184451452750025
96,3.4150079256905025e-246,416199.09804280865,830.4830660473648,15.108045165098346
97,3.2681684006289735e-246,404217.51702935586,806.4926820486855,21.73536147139137
98,3.1863158091210697e-246,105815.13289959735,206.9580235396212,12.602107574558733
99,3.0194434000096366e-246,372225.80524163984,742.4279421150945,26.537923163650763
100,2.991533533934154e-246,129393.60646071137,254.80453444731916,4.632420211707192
101,2.8537740771278896e-246,445121.30316760065,888.3871234269526,23.29624684073586
102,2.641637101622287e-246,454123.46816772723,906.4084622571041,37.885447835188735
103,2.5852584686861223e-246,66848.2212539284,126.69792269113714,10.72870662767409
104,2.4803253215450623e-246,208555.67584800193,414.27682959457775,20.50473980715283
105,2.3933012795533324e-246,247035.36276489892,491.52451577706864,17.69950475147137
106,2.2362287054589585e-246,206604.4767905052,410.3569072609598,33.37188547598497
107,2.0899918370221965e-246,177286.11643735552,351.40951396758976,33.249988464157184
108,2.0472714544645941e-246,306753.50026388926,611.2636745595742,10.272994338535181
109,1.9525239248302574e-246,122439.62420841902,240.72208062387813,23.41406194449699
110,1.9007330799644691e-246,241253.19739212553,479.92280677954693,13.351671402742525
111,1.805831024829896e-246,194936.10686144646,386.90792207457275,25.284239285709987
112,1.67913137750859e-246,291252.8762464874,580.1958499832931,35.71861368429973
113,1.5493010462525565e-246,377497.9059580755,752.9864976690128,39.43763157417163
114,1.447312067162828e-246,263172.63151656516,523.8945895289751,33.47479399196589
115,1.4324221224196605e-246,320089.3959546742,637.9875460854084,5.157298239408739
116,1.3900430684654163e-246,137525.10213460526,271.248343844076,14.90385760209022
117,1.355400064652973e-246,157292.09796403663,311.1415779889595,12.53974870974729
118,1.314208905412096e-246,220980.67197868586,439.2310473296161,15.312438753146711
119,1.2550153371314408e-246,365886.273682648,729.7310677935162,22.78007431243303
120,1.1993224540801294e-246,276414.6337633437,550.448575425864,22.439903090220128
121,1.152515934600726e-246,314588.14154459577,626.9640924563557,19.70793569023134
122,1.1387574159318953e-246,138525.9168137787,273.2707086258265,5.986827099058267
123,1.0702712044548237e-246,223378.39952080033,444.0452618057129,30.536837804184074
124,1.0629078828435185e-246,216962.52644521708,431.16237589799687,3.445869607374199
125,9.815028119004076e-247,363479.0053364993,724.909604091391,39.05626405222932
126,9.2460031946326e-247,61485.756718695375,115.38486077889013,29.42020647922625
127,9.148731877455696e-247,219715.41335340706,436.6904635355029,5.274089905318839
128,8.497413593476322e-247,400403.8214547947,798.856282800941,36.25324531340021
129,7.961266223970904e-247,412588.1732811582,823.2531797666346,32.06165484122991
130,7.457375579264988e-247,210628.1275114468,418.4399850027256,32.16363811719682
131,7.324079493218922e-247,335836.6690490641,669.5382274070729,8.977495837890647
132,6.792184615612594e-247,442960.76632855774,884.061864311856,36.99572244618798
133,6.667611250570487e-247,203218.4995022882,403.5537305760697,9.212783617377521
134,6.558011207012308e-247,105353.7153484676,206.01844053653633,8.252893888208451
135,6.503025775305005e-247,146495.2159379721,289.3639819812603,4.201058185597546
136,6.163276283773426e-247,171242.31284306,339.24435257848097,26.47282131953705
137,5.94868316825226e-247,176468.03010474108,349.7631612763106,17.563246953817238
138,5.85675982575614e-247,296689.3996593677,591.0930457381787,7.756441793808676
139,5.413796397075725e-247,197559.1256234227,392.1803673975255,38.55985548414784
140,5.2448156313167454e-247,395995.2970059981,790.0286035263256,15.730214168238774
141,4.911983148477343e-247,242090.7815746819,481.60350153315756,32.24968582253569
142,4.5611719135675025e-247,389465.10047702567,776.952019572377,36.371166042532
143,4.3036439897453036e-247,184663.0065174047,366.25093299670107,28.640597675720887
144,3.985478473417916e-247,399870.43355337175,797.7882333522865,37.6743430151515
145,3.7362375793547035e-247,56058.5506249602,103.7949740780549,31.773403395701642
146,3.650792411731177e-247,391464.74772420555,780.9563296372664,11.500788017017829
147,3.6251278723682067e-247,181480.21374374809,359.84842714884905,3.5211264017077113
148,3.573987049039997e-247,192797.12278772044,382.6078776925225,7.078711928503012
149,3.338138421230413e-247,258786.3248949102,515.0972001080115,33.5582490595381
150,3.151235668276196e-247,130650.09456967904,257.34697785105664,28.3982887312173
151,3.1263744705559105e-247,465312.296124768,928.8063377123502,3.95248553158995
152,2.959752439054738e-247,240333.99651370896,478.078295257116,27.01264604407689
153,2.823215352514388e-247,356588.20756801846,711.107659949158,23.337956255963686
154,2.6391137459416736e-247,101395.1176619539,197.95089939606555,33.154565393800674
155,2.5188725398418314e-247,360115.91254476254,718.1735851100032,23.04616608715824
156,2.3625556812808542e-247,275001.8713017464,547.6159085612044,31.526079130651013
157,2.263278327709755e-247,353887.43224340794,705.6979164297137,21.236070266864505
158,2.1101169667614326e-247,347699.24069617805,693.3022784465027,34.428847278230194
159,2.091658039666777e-247,335187.4848938229,668.2376498533879,4.383518491656261
160,1.9643473096950665e-247,441556.99265336076,881.2515755010223,30.910705185086996
161,1.8884408540252516e-247,60066.361655572,112.36931082398871,19.511384460613797
162,1.840506519752517e-247,374668.61785060394,747.3202687704829,12.773086479717339
163,1.795189109630633e-247,439300.17476230755,876.7334954532909,12.387854047188998
164,1.7680917521933683e-247,488781.20737049397,975.7835534891433,7.575912527560121
165,1.7186974478203154e-247,173876.90616031474,344.5480240211343,14.067195579855479
166,1.6339588357528792e-247,455999.86656964745,910.1647194502793,24.963576430066503
167,1.571153489044719e-247,437089.76437318657,872.3082771258978,19.40708396573653
168,1.554009208388752e-247,342581.7034982189,683.0507517536923,5.470918945480257
169,1.4646848436554267e-247,223030.01913346938,443.3458007604678,29.165279557215456
170,1.3641107306893364e-247,451190.8733798044,900.5378066224919,34.943547427578565
171,1.3393774445196805e-247,204687.83843923607,406.506086174055,9.107188351591002
172,1.329160736332162e-247,354158.3421967217,706.2405638207473,3.821277577976822
173,1.2668805629223253e-247,279518.2258354605,556.6711933117114,23.709451985683067
174,1.1846726873976883e-247,132945.63739032915,261.9904051879155,32.989140020698805
175,1.1190305738818873e-247,343259.2610044703,684.4080733898356,28.099538765708054
176,1.100549661929474e-247,91034.44148880172,176.769498720123,8.291932595614046
177,1.0518041230259677e-247,349708.4544787078,697.3270329536404,22.396805391640633
178,1.0026540797333365e-247,341377.13278707326,680.6376655997235,23.644160268360313
179,9.249881605697472e-248,329536.06706864404,656.9152116204152,39.51071492855192
180,9.07697123750099e-248,410405.7795223498,818.8834660601673,9.390718820033555
181,8.874416685787077e-248,384072.77488359564,766.1535815531167,11.220557236262572
182,8.460699754830045e-248,78745.63714222917,151.473908539234,23.587718370666025
183,8.1858170185283e-248,154084.31606652497,304.6741639770389,16.378813721820954
184,8.079459760765987e-248,211047.2388842738,419.2818546091014,6.517675129866639
185,7.9039959599558e-248,485423.31624724,969.0623692477398,10.918238453767547
186,7.818453377462505e-248,260538.27086141778,518.6110890627826,5.4260714684959055
187,7.410468100134976e-248,462910.63804121444,923.9987641598171,26.44073157320554
188,6.943996281679241e-248,354576.1238076076,707.0774006475367,31.98537506694491
189,6.452129163776832e-248,207153.70605115898,411.460332469053,36.06713731961265
190,6.119565187295493e-248,396323.0816320902,790.6849713514252,26.11257931962647
191,5.9265877577462054e-248,299024.1214485759,595.772588369171,15.89355260114603
192,5.711233493844791e-248,455801.3918110756,909.7674052654401,18.336602378613886
193,5.36249951577433e-248,470687.35248683934,939.5658207175235,31.01138357083712
194,5.154259118249645e-248,388013.36859152006,774.0448819732201,19.60860452044297
195,5.03851039500939e-248,232234.44400718116,461.8232367358088,11.292211055377813
196,4.779253902207624e-248,388385.9640289515,774.7910183907019,26.0672447116168
197,4.501486021867843e-248,280110.7075594384,557.8590638562723,29.494722806981585
198,4.404174578927414e-248,446592.27090622793,891.3318852289827,10.867868468626781
199,4.190237881457584e-248,99914.71177438169,194.930600071478,24.590285803557826
200,4.131700657941098e-248,85567.89161778218,165.54488326318813,7.0095189855090965
201,3.9761835477534686e-248,93740.51183517727,182.31235389138396,19.000497030253662
202,3.751982458349254e-248,97091.47057591486,189.16529078453448,28.602038799729655
203,3.692476989035933e-248,201223.36137858572,399.54455693660043,7.961563652931048
204,3.470932709122901e-248,362877.89539527026,723.7056400691404,30.463422449586105
205,3.2217170681915557e-248,420541.64127318695,839.1776340052269,36.56903202245015
206,3.049318427937343e-248,251624.4599952974,500.73113940898963,27.12355120201411
207,2.8510563732594777e-248,476660.3818057747,951.5220432819829,33.055576462487736
208,2.782927648338062e-248,198938.17302156426,394.9520618745821,12.020222145617186
209,2.7025512731878545e-248,442244.8100670459,882.6285557655808,14.546779022964166
210,2.5015797773700342e-248,413606.5230883759,825.2921601721623,37.90001557319617
211,2.4413264402230315e-248,430898.2219354976,859.9126331550024,12.116461610632737
212,2.2976288679496597e-248,318793.6569361841,635.3912003606156,29.876528351291682
213,2.2832564510223697e-248,294392.53023448726,586.4892139607882,3.1325693498360465
214,2.187656362132818e-248,358593.52836212615,715.1243044232898,21.158880041726725
215,2.173512782735589e-248,103687.57949087129,202.62437630766783,3.237828850990013
216,2.130392789002797e-248,426397.7109418205,850.9022523122422,9.969116565023455
217,1.9697508346042645e-248,195314.70592642832,387.66897641375965,38.441292835860125
218,1.9174529410168936e-248,380905.63643786515,759.8110241614678,13.364561862536839
219,1.7956762164880072e-248,394489.67904765485,787.0136823808788,32.275673965871356
220,1.695552284080616e-248,65531.22024253353,123.92994354137,28.27902364937932
221,1.6738424155366603e-248,452018.3614205192,902.1943322686116,6.422630131088837
222,1.600026217264802e-248,492491.71853557945,983.2104591263602,22.29853702516109
223,1.4834940665041204e-248,374376.0477323492,746.7343305529967,37.10405589458945
224,1.432582951236478e-248,275888.00190424506,549.3926580559472,17.308991320162075
225,1.3564811027836282e-248,60357.3296882543,112.98829916377179,26.92349915091624
226,1.2893378054847566e-248,341876.53688595584,681.6381126423853,25.063152943050856
227,1.204374184070036e-248,421563.9158373204,841.224386634203,33.51001004251518
228,1.1350056966494295e-248,137341.96961713955,270.87825070811186,29.225629975769166
229,1.0622079896208138e-248,75482.25187686761,144.71271936795802,32.60071687402544
230,1.0046534752412515e-248,500693.4392006064,999.6265945070304,27.469201636955177
231,9.798651736380267e-249,312572.7852816781,622.9255210159231,12.41379320870989
232,9.3702152676669e-249,270536.366854342,538.6618299509977,22.106356739982836
233,9.049926800118306e-249,151494.02909984995,299.450072505992,17.239372223129333
234,8.917325017150215e-249,266652.16502016527,530.872725130107,7.353159088155451
235,8.672846518428596e-249,116193.76645618468,228.0550035302673,13.803328516773849
236,8.089731302098239e-249,486067.3737700563,970.3515262234441,34.20218610822004
237,7.473966151786807e-249,470836.8159007091,939.865005034884,38.81161335785991
238,7.302226587397751e-249,336041.60835343966,669.9488016618568,11.555955372451294
239,7.157894669718303e-249,268615.3922200667,534.809718266423,9.932056305474692
240,6.659062461267439e-249,203546.43514075963,404.2126719285733,35.47410324098435
241,6.492698221563196e-249,373580.8539383078,745.1417677351442,12.570575932779597
242,6.413135906168912e-249,214368.22917915188,425.9522206830517,6.145947278378486
243,6.081444254304663e-249,236759.30350229752,470.90469231569557,26.2036479313443
244,5.893569223195558e-249,278387.27530814504,554.403708415085,15.567757598321453
245,5.778725892338487e-249,134582.71294312977,265.30075251920994,9.791037489592995
246,5.561977870902089e-249,55800.449696371936,103.23936641985415,18.933195803915638
247,5.375367816847519e-249,275504.344660242,548.6234039050416,16.91863214862595
248,5.044045144130611e-249,313690.4410255683,625.1652033859073,31.308722855302435
249,4.987947186164938e-249,414051.62058385724,826.18334850542,5.57635834314091
250,4.725190013913132e-249,487020.17848039133,972.2586719813613,26.69553534674211
251,4.4290665675589575e-249,65769.24267305702,124.43066624546952,31.84149471578933
252,4.3690022890751873e-249,193660.87674738534,384.3443600973301,6.803838788421189
253,4.0376638381049436e-249,245673.37813951558,488.7919023702109,38.666795769595005
254,3.7277341258711886e-249,487839.36509133753,973.898361275385,39.14603720755122
255,3.65054753890034e-249,367088.7165310363,732.1393793506686,10.40717126044559
256,3.5160176100932986e-249,282582.68687979254,562.8150188925536,18.59895381700242
257,3.437184234757628e-249,430638.21453236905,859.392083007767,11.274159205483425
258,3.191346969516615e-249,252904.5450953075,503.2990535740087,36.42481630143149
259,3.0004207334731726e-249,150785.2947655199,298.020428781634,30.37441410619838
260,2.945777374606468e-249,235592.78390610713,468.5635894573014,9.147790453634187
261,2.7958011837778224e-249,471631.21290661657,941.4551648534207,25.78865868567888
262,2.680167648518903e-249,96774.2584674557,188.51705137540307,20.89822451790202
263,2.483971640245188e-249,293419.6785488977,584.5391876376922,37.296975457459624
264,2.3130140785787485e-249,126700.76145758008,249.35364283870342,35.02553443087642
265,2.2399745972587577e-249,338922.9359949439,675.721147682225,15.915461320270794
266,2.1056387387077965e-249,489539.10746352974,977.3005626581065,30.449612210942096
267,2.0281971466740874e-249,193980.69240528092,384.98729368478496,18.561359510152144
268,1.9285321853338287e-249,110593.61196752277,216.679743317035,24.87933119535689
269,1.7775824549275495e-249,397476.82585880713,792.9952601127363,39.93324361434681
270,1.7606050710464371e-249,451487.8457932971,901.1323082198371,4.7868709537682435
271,1.6634726592965308e-249,95313.60084289797,185.5308478513714,27.976288062417193
272,1.6230737888630654e-249,109892.00318576029,215.2532820415978,12.217566362335653
273,1.579283528273988e-249,246894.36235227156,491.24162453623495,13.582154208735592
274,1.5079569813351373e-249,85933.3074206612,166.29646353537885,22.84282957408567
275,1.4874076495655648e-249,164574.0533777077,325.8154982574629,6.8370056107874575
276,1.4636313938826107e-249,64950.805183741184,122.70804755610686,8.024712935709278
277,1.392673425747753e-249,83653.78067084501,161.60472865654492,24.541525211068787
278,1.319042227537342e-249,219482.44099687107,436.22265243330867,26.79416253975129
279,1.2298427469424795e-249,67891.39633729974,128.88611399899014,34.40403448104228
280,1.181430424324829e-249,289751.9435201114,577.1871564242674,19.879928057745037
281,1.1503794053982333e-249,457399.684720192,912.9669186862059,13.228781563851356
282,1.1377323864431134e-249,212768.29649214193,422.73879251397364,5.512081895305222
283,1.1300002305540886e-249,141620.72590523143,279.5225296507732,3.4038487259981736
284,1.0539517516641513e-249,261916.46457272852,521.375245824112,34.235807823420465
285,9.958183017803145e-250,338609.95654640923,675.0941441811033,27.969959676166216
286,9.465921325519539e-250,79283.2623604717,152.58571779495514,25.029683849621144
287,8.86110214913856e-250,157522.65920433923,311.6063436720153,32.47448624234688
288,8.681472826034753e-250,295347.0166118532,588.4024001511616,10.187729036865374
289,8.374741451932857e-250,236122.13535453763,469.6259615391367,17.82472073930427
290,8.051661901545159e-250,179830.28253134643,356.52890056425474,19.478635462559794
291,7.934553910114279e-250,212370.2211772919,421.93923512679044,7.29892408935455
292,7.741180342415935e-250,364186.9440883356,726.3275282764711,12.260697281881534
293,7.273687917301805e-250,188771.97180477355,374.5146504991519,30.665346055601425
294,6.768243418728159e-250,128300.86899538913,252.59294452896063,35.37024708391065
295,6.249188148725898e-250,469150.5324978463,936.4895236160672,39.10968643635287
296,6.20445573036258e-250,385330.4909568541,768.6722640484411,3.5854862309178586
297,6.151223053491202e-250,351885.8422066785,701.6885828515339,4.299116023514948
298,6.032433926479423e-250,271723.0293438677,541.0413601638187,9.702804570660614
299,5.72921078083764e-250,346604.87031339074,691.1100604984791,25.456759893876104
300,5.455315337580752e-250,207638.70386507048,412.4346917433078,24.196144981995754
301,5.21129323392906e-250,337237.78814487264,672.345204577676,22.621399913178582
302,5.0010343125623484e-250,273981.06620399514,545.5690916150263,20.381086232145805
303,4.9582914695430036e-250,155476.36253895145,307.4810278636703,4.282570500659197
304,4.790122480338219e-250,117110.34300926309,229.9151182693464,17.10464502087586
305,4.464183122715479e-250,223772.45512385198,444.83641703334774,34.62134632247644
306,4.350365326533914e-250,459542.23134391964,917.2559043799877,12.830193052159732
307,4.1875629399382263e-250,453563.1269143351,905.2867408150191,18.889758041844118
308,4.02114999960418e-250,98313.83044010722,191.66235427168408,20.07133236922025
309,3.8619894692875015e-250,238244.78409541203,473.8858062931108,19.990229051168694
310,3.592699093188742e-250,444223.94492015237,886.5906735140968,35.494120111994384
311,3.484397327733096e-250,384807.8455730934,767.6256251881703,15.187814153445515
312,3.250956126301082e-250,213838.59550418056,424.88848638502304,34.078755115545064
313,3.184776428121866e-250,338131.1469596541,674.1349231602958,10.230832555188705
314,3.0440201657792896e-250,440332.1483412192,878.7994805135031,22.348012507741796
315,2.8054349596996884e-250,468150.7815688938,934.4882838135155,39.988711725842634
316,2.7015614919904437e-250,231579.7426197949,460.50913796666555,18.687510450209867
317,2.5043671754375093e-250,164891.3490342039,326.45465653249437,37.18782628758705
318,2.4221104683760643e-250,138862.48080625304,273.95074023479185,16.559766095847756
319,2.2754001292770074e-250,134216.07329117446,264.55944628503585,30.758690103777624
320,2.239969554657519e-250,293736.5555170378,585.1743528155322,7.816115977427671
321,2.118387896357686e-250,450654.13325192605,899.4633182056646,27.517745025134595
322,2.08271687477024e-250,423298.017927216,844.6963042038759,8.45512366443318
323,1.9553745233951042e-250,401583.0363526927,801.2175163089887,31.053366128503615
324,1.926529311931633e-250,343998.0231021004,685.8879935671407,7.40328322324666
325,1.870558913070572e-250,125189.24287678867,246.29272674623542,14.633292231352506
326,1.8304489171604286e-250,420933.78169459355,839.9627613730148,10.779492109115935
327,1.719410234551692e-250,169140.4259729549,335.0122783769589,30.805486371890893
328,1.6446760250926333e-250,227243.6066553737,451.8050719467177,21.973939695792414
329,1.5860352302986058e-250,411120.61591929116,820.3147581985505,17.98926769493349
330,1.528323608818757e-250,182679.2575487983,362.26057773784896,18.362262104850448
331,1.414225358689026e-250,304945.9521603083,607.6411661508935,38.05188217768145
332,1.3806312189279319e-250,458758.0361324993,915.6860935142203,11.948607556928707
333,1.2938039077216042e-250,278900.2732131488,555.4322427133418,31.955360247437135
334,1.2273981428124004e-250,96490.26388866133,187.9366110777413,26.001020957825542
335,1.1577440428550294e-250,136501.76562500498,269.180143198539,28.789102878473926
336,1.1065083152898246e-250,133796.98587043534,263.7120403777392,22.37778102924089
337,1.0427557596218268e-250,127531.10291542519,251.03473636182605,29.23534016434103
338,1.0113899959125701e-250,460618.74316726107,919.4108700471152,15.154674058842797
339,1.0046580792603334e-250,466430.0122768861,931.0437363706169,3.333608301538696
340,9.53783504192067e-251,93153.58502248791,181.11084485750314,25.64826474656407
341,9.269599818556696e-251,79805.16707335804,153.6644941583528,14.161920940001462
342,9.104912846405777e-251,302758.00037458044,603.2561711172609,8.922985776921642
343,8.549536334390664e-251,92882.30883172416,180.5553828684167,30.978563210578642
344,8.328847050862084e-251,171463.63578826314,339.6899371225302,12.99088755247794
345,8.18581790624261e-251,315804.5914189814,629.4016868686062,8.623554025568204
346,7.921515500489009e-251,446157.9780157419,890.462466942146,16.276381949460273
347,7.325039521580042e-251,405034.50120115676,808.1285579736378,38.385844117002264
348,6.918668191008787e-251,230734.7838641478,458.8131198913637,28.134276471786755
349,6.662195520460491e-251,237223.6522854041,471.836577390216,18.709858908265264
350,6.5874376198996715e-251,321347.71158075816,640.5088665974561,5.626433796262219
351,6.5188247302570716e-251,62534.42434116043,117.6066278546001,5.221490759048407
352,6.282417939910806e-251,199784.60053813117,396.6531694938859,18.300069882692238
353,5.918684247473645e-251,232881.43094990146,463.12182500851407,29.380139348358902
354,5.593194439633372e-251,74053.6913040823,141.74566667110207,27.88560811562853
355,5.539360488764867e-251,180836.13298938214,358.5526329594021,4.824087133618136
356,5.5051711570902065e-251,416818.07908460015,831.7223917399833,3.0908125524561783
357,5.37793965001844e-251,299230.3838297279,596.1859977001952,11.6231851303408
358,5.146427304848382e-251,205774.33265013288,408.68906084098296,21.761031486233566
359,4.7949347124590726e-251,244100.9998044406,485.63704485914536,34.75307265491527
360,4.513366461431176e-251,327088.6316973114,652.0116400324968,29.805184398414376
361,4.322563117037984e-251,308334.9759056896,614.4330391592863,21.365835568592466
362,4.0704864230402774e-251,74659.20053739936,143.00385918530185,29.596211146150267
363,3.821362248720775e-251,311744.4452480495,621.2655811368243,31.08439803144854
364,3.5363822392944384e-251,80005.09990928108,154.07762106543328,38.01013641901811
365,3.393130802583007e-251,472806.0759371855,943.8069024127946,20.4633264954812
366,3.351606187431973e-251,394322.39311954257,786.6786993211912,6.137759477629253
367,3.1204949743404478e-251,162703.7918157599,322.047684659404,35.09345558994026
368,2.877272258668302e-251,437913.6720567975,873.9577368454641,39.762338374869984
369,2.7405803773190856e-251,67602.71217281914,128.28092709404916,24.04275434406373
370,2.6602178088856802e-251,329941.930549111,657.7283688981925,14.770683241904749
371,2.4950199590834433e-251,106489.2476457105,208.33044470976552,31.5473010661263
372,2.4508269074936447e-251,87637.86937732756,169.79988169024068,8.895819923176767
373,2.2778859937310617e-251,173507.05665666558,343.803548579078,35.92755027191865
374,2.1748682130137166e-251,69697.14232499305,132.66559516532425,22.874199368931365
375,2.1210856457892365e-251,439141.98631745414,876.4168053289198,12.441958918004438
376,2.1054265503459503e-251,316784.46659172454,631.3651924497365,3.6981306726836465
377,1.972780285383483e-251,270001.937053912,537.5901577496575,32.01347435832454
378,1.9267196219362924e-251,116650.77626661267,228.98252192064706,11.742996978154018
379,1.8397695597205573e-251,359304.1393762176,716.5476374771729,22.824759676952254
380,1.818295680452269e-251,89968.29676212612,174.58337254495007,5.853153884101388
381,1.7506252805282813e-251,154693.38723373952,305.9023212706444,18.78462573692408
382,1.6904317562268804e-251,72884.55724721272,139.3138044256699,17.34238622190917
383,1.5785702764971066e-251,382234.94091693364,762.473125391324,33.652918940291435
384,1.5318264954011056e-251,156085.05096090664,308.7082304031711,14.916991644488846
385,1.4948492972128996e-251,216445.19714389901,430.12345974194466,12.143373866710174
386,1.4313313678146023e-251,71975.77468791272,137.42110331122967,21.476210100969787
387,1.3495195810351566e-251,366151.88191763056,730.2630429507301,28.99939457282058
388,1.3395113522702095e-251,372901.7719883261,743.7817388417432,3.7149714769751156
389,1.2364366719832305e-251,64706.62780323609,122.19361818783261,39.24480942433305
390,1.2008809086497556e-251,318231.84172695206,634.2654469684824,14.48320118398857
391,1.1207850848736266e-251,255078.95707687922,507.6608517006383,33.92420471639271
392,1.1052941749817348e-251,391047.8314771787,780.121455676157,6.934786190527419
393,1.0578639059509001e-251,467857.9153721476,933.9020408961964,21.691202284157924
394,1.0011649937857995e-251,425078.2892943707,848.2606275386435,27.167819534517015
395,9.503594409403829e-252,186534.92497778553,370.01588407815086,25.70355310391342
396,8.857446949696673e-252,148906.32223023236,294.2296279049549,34.593245067385524
397,8.76978473051365e-252,124757.5431875143,245.41833321051217,4.960808577298344
398,8.593764882623091e-252,471909.20065487147,942.011617204197,10.086453713320847
399,8.202032048227234e-252,139299.09547190182,274.83287401171197,23.057513541466296
400,7.820210781894313e-252,457956.5006340826,914.0815656188909,23.553397758150464
401,7.707642201362476e-252,281855.8249720612,561.3577896896488,7.22337414353445
402,7.497330573380683e-252,319565.46383370255,636.9377183816825,13.737416881430352
403,7.064846191112871e-252,496567.33153708867,991.3680456677346,29.270952218656628
404,6.956977034689804e-252,190178.74504304005,377.34340959420854,7.663583575385196
405,6.453749447778662e-252,213993.17503821253,425.19895150143725,36.84592688106847
406,6.19133212473904e-252,298532.1466852407,594.7865240039464,20.541588183828985
407,5.779767671160665e-252,166414.87113986549,329.5233808982463,33.808661547590795
408,5.544079989347477e-252,386905.7306634541,771.8267844339479,20.601232706917653
409,5.159339120263292e-252,339266.39295853936,676.4092057032201,35.32217937628993
410,4.773226721393854e-252,202518.1125170245,402.14636585707933,38.14635691464683
411,4.590487080083317e-252,92100.98268319714,178.9550897905758,19.328953973233435
412,4.338412407848771e-252,346744.7830299315,691.3903317125769,27.843840768933205
413,4.1093775362806864e-252,110762.76389583273,217.02360457230998,26.75405141307028
414,3.8983162131292556e-252,324932.29304553353,647.6911873868694,26.01894199579527
415,3.76218656985471e-252,344011.60036971566,685.9151920397845,17.61520428831594
416,3.7221319152993645e-252,327817.9682586897,653.4729196928149,5.337565939161067
417,3.565686964390603e-252,162063.51963671795,320.7576491685702,21.24109534020249
418,3.3292057537959417e-252,76614.24325632668,147.06054708170768,33.72952052738615
419,3.164054339911601e-252,227487.354394199,452.29438725131536,25.118905215755284
420,3.084664151017894e-252,185422.0895525893,367.77771348714555,12.625342083240497
421,3.059987742453585e-252,281486.05101850646,560.6164514884388,4.007884935116934
422,2.849247066428104e-252,218561.00822882677,434.37236555842344,35.049108940320465
423,2.8134489331019693e-252,422331.71123461303,842.7616253570498,6.301890814724295
424,2.659924105673898e-252,345528.88493824675,688.9546493725646,27.66682360643743
425,2.63288390552746e-252,191773.97895076894,380.55085293081754,5.095873374636994
426,2.462470282372664e-252,234340.35471105576,466.04998304586957,32.90387275122633
427,2.325595892302237e-252,168788.58203382607,334.3037826720682,28.18941117722015
428,2.1550123050341137e-252,349246.5371794886,696.4017502781626,37.37363701231885
429,2.1267673273605147e-252,89420.90845284141,173.4604137747831,6.5749365650004705
430,2.0659436427182618e-252,499235.63453143346,996.7087594603512,14.40328987995419
431,1.944802192017101e-252,211819.1249306135,420.8323048535965,29.761547493158382
432,1.8614908567827608e-252,336564.92565170093,670.9972087378246,21.653409078407797
433,1.7275979564482867e-252,152014.79739211663,300.50048069348,36.63494852214316
434,1.6806635706761762e-252,114969.45791769415,225.5696685204232,13.67724540157338
435,1.6367605811356575e-252,297274.2084172094,592.2652079106986,13.147637167441069
436,1.5296375643033091e-252,389199.55740208324,776.4202634838908,33.27780080981803
437,1.4849825601402628e-252,424852.2800100229,847.8081307780869,14.70471060276541
438,1.3954552432274993e-252,327850.9964596438,653.5390938561027,30.612803635888476
439,1.3284941654274533e-252,425820.13084791816,849.7458766556981,24.28749787223355
440,1.2573824754652478e-252,333158.56878184166,664.1728571375372,27.132095736877815
441,1.240783989728966e-252,131499.98028173824,259.06634914497965,6.62234008258244
442,1.1821086282091338e-252,95924.83645053717,186.78073068627748,23.930812653331195
443,1.098966968165657e-252,350241.6520922666,698.3950949380644,35.80777338403185
444,1.0863320785365232e-252,375771.4400738959,749.5289099193697,5.7651486780700765
445,1.0482491849630362e-252,433448.3326619886,865.0180709621801,17.68457283861069
446,9.738883248651182e-253,95193.9867416716,185.2862111598405,36.121455824126926
447,9.246410486166984e-253,156778.6272237574,310.1064833712775,25.611824355154038
448,8.74290675849414e-253,251303.77985771798,500.08782666159726,27.608086514505594
449,8.536990372569369e-253,222321.1274829926,441.9224963970138,11.846365256001622
450,8.265287154544503e-253,94424.01082906274,183.71109124834072,16.041962930000906
451,7.685633289915228e-253,489655.4411175705,977.5334152062112,35.70291006467332
452,7.389420320944993e-253,272438.535864219,542.4760883185412,19.459907517746746
453,7.060233939052664e-253,435452.91665824497,869.0312963427372,22.527921805667408
454,6.965369802843843e-253,233821.9366490801,465.00949807972177,6.740920636522361
455,6.750535082380104e-253,495612.0159753039,989.4559330645401,15.54241393557437
456,6.249748923240133e-253,479823.5960345947,957.8537515269475,37.80701591007128
457,6.115200262584476e-253,289343.5193268881,576.3684376507481,10.82289278406661
458,6.063262807870074e-253,228038.02097011943,453.39981717965657,4.255641821710853
459,5.781322357173587e-253,419628.9962302002,837.3503676125522,23.52664683737865
460,5.503000855104319e-253,399344.52866259037,796.7351644459471,24.36763846425963
461,5.336445937610959e-253,330967.70034873125,659.7835077035845,15.24937102343345
462,4.933752838314283e-253,313141.45935897477,624.0650970458232,38.47044565634467
463,4.6466316812905216e-253,224902.34177921613,447.1048585948016,29.53376457896666
464,4.303375117617538e-253,345005.64515129116,687.9064889783082,37.644622069128125
465,4.12429788254404e-253,194214.0026831331,385.45631631140054,21.027684740559668
466,3.8533383354116663e-253,362533.66468202707,723.0161772267463,33.40719301029986
467,3.627771498832064e-253,304164.9380080024,606.0759076757774,29.710368183584258
468,3.551603351627625e-253,100237.67679416112,195.58966776094564,10.553614524934058
469,3.379859376993653e-253,288276.4432473442,574.229373565908,24.477957276426878
470,3.250908655943486e-253,155168.26529792362,306.8598297496661,19.261853614143696
471,3.0128335884322294e-253,178753.97753289551,354.36326322305445,37.31281916861304
472,2.988433571663618e-253,152375.5489703265,301.22809288919666,4.057578884077628
473,2.7681993206236155e-253,370112.7958356261,738.1960548768204,37.55288375927598
474,2.5684732171338675e-253,233560.88742754253,464.4855560532395,36.75038995766994
475,2.5224107413751344e-253,74806.34972023942,143.30949174106718,9.007465421291212
476,2.4351687828786748e-253,301461.85760062933,600.6584370446087,17.445542285725274
477,2.412465672719242e-253,280836.2273135016,559.3136463716885,4.6724222524222725
478,2.3902159856509858e-253,315368.7806259395,628.5283875453929,4.622081541558366
479,2.3127005897496294e-253,158150.3821090815,312.8716531357659,16.34878605210503
480,2.2572530718354093e-253,271178.01601388614,539.9484903574606,12.060338581678941
481,2.2080553476574615e-253,201657.02186908733,400.4160177694995,10.957733878396578
482,2.0408661274278184e-253,135441.91169897257,267.037784204412,38.60406570903615
483,1.9822668983349643e-253,143627.20169371832,283.5743300540886,14.461021364534059
484,1.953112073507026e-253,158995.0089951304,314.5740526761015,7.381150716983704
485,1.8872338874700783e-253,249681.02384116998,496.832356651098,17.009590325208645
486,1.7840162136032454e-253,310465.9636227974,618.7035522067101,27.730783813355323
487,1.6741477336920075e-253,448990.81675736076,896.1335456335088,31.281728827978952
488,1.588599195219735e-253,260461.63760536615,518.4573881051833,25.88489112916782
489,1.4653171586891735e-253,285700.4091080789,569.0652948467267,39.58563218289593
490,1.367101988699249e-253,315146.5129852628,628.0829948022094,34.09449791756685
491,1.3088301199942768e-253,106046.42242593672,207.42893950769258,21.544265508316276
492,1.3008245666317431e-253,353138.10189075803,704.1969602702854,3.062976797993656
493,1.2575309729190967e-253,311319.4507026302,620.4139127575655,16.781638922050004
494,1.1832698397026579e-253,243425.67074771755,484.2820079510909,29.975837717175978
495,1.1470074584223274e-253,103522.2633282757,202.28749763153303,15.442185661868152
496,1.0907980754232031e-253,480670.1598374118,959.5482803209039,24.81040114874527
497,1.0067716280464496e-253,141252.79901330607,278.77942843705216,39.28780716417976
498,9.45600029667237e-254,325730.51860301563,649.2905288338161,30.85612689423196
499,9.341033516749101e-254,308032.68412034324,613.8272348427856,6.097629050823308
500,9.193263698199497e-254,88884.69398503676,172.36001256632346,7.941246305896598
501,9.03701808086347e-254,491936.3144994561,982.0987760846157,8.53424850614293
502,8.978119262941804e-254,429338.1149756126,856.7891972920811,3.264080018308462
503,8.41415655177088e-254,63688.7538745241,120.04663473738412,31.91696607896686
504,8.291930664376257e-254,84883.59493934808,164.13690894502417,7.289679607975039
505,7.896337138210032e-254,72508.13981213729,138.53010760627512,24.14563228968833
506,7.821847739266999e-254,333611.23307398416,665.0797460387986,4.727882272492799
507,7.337635716563882e-254,257406.63548949454,512.3298516593095,31.44699103937818
508,6.884869024139158e-254,372719.1574931934,743.416007163207,31.343565112683365
509,6.387424945538547e-254,57246.575882224024,106.34671574449669,36.803127760085786
510,5.9832599867573665e-254,409875.97706282465,817.8226572992324,32.15450666689782
511,5.844328241272536e-254,418436.07644800394,834.9619317576619,11.678227991797609
512,5.77858296248187e-254,165847.817241248,328.3812514394061,5.640616204061978
513,5.721384615902176e-254,456598.31526079884,911.3627144660728,4.961475323791177
514,5.478560836094801e-254,431544.04342191573,861.2056030358756,21.450786183881913
515,5.054679163523407e-254,104192.75958112127,203.65369389822445,39.46420651572231
516,4.708144109955307e-254,444376.52873892884,886.8961363922709,34.88719818424993
517,4.567944694320439e-254,88504.90087282873,171.58039116535656,15.001555224158146
518,4.489859722529946e-254,462380.4722013539,922.9374866810663,8.583899148298766
519,4.319484091254444e-254,263507.69335613464,524.5665715547432,19.156873110961037
520,4.194866146805764e-254,59305.81419709053,110.74928138385746,14.53066602043075
521,4.099448689113289e-254,291520.02650181064,580.7313583911839,11.438543180356952
522,3.9348916280499356e-254,494523.8835216392,987.2779737122854,20.276195139846454
523,3.780688618817682e-254,333737.86887414317,665.3334533852604,19.790139445004854
524,3.581863894529381e-254,326624.165564069,651.0810417259072,26.64988464844467
525,3.3238526887365e-254,467055.6525688127,932.2961134951861,36.68938865059729
526,3.1889679742447947e-254,396965.1218885774,791.9706122096658,20.500553388180148
527,2.988796339284358e-254,498517.6613713692,995.2717121721723,31.893619548914984
528,2.952717864902083e-254,357932.31670464517,713.7999092616141,6.053944529915796
529,2.7709963262803572e-254,265934.50675307505,529.4335169316139,31.2605203776003
530,2.6346742718227936e-254,433207.324891753,864.5355650694621,24.908231505036376
531,2.4592861002194356e-254,247560.25790548534,492.5776117449338,33.85777701201174
532,2.367541902303276e-254,189374.3025776319,375.72585374643234,18.829890125232986
533,2.186896746802404e-254,261697.87530200917,520.9368405388099,38.90724775042975
534,2.0734875673106054e-254,114549.08762369218,224.71613053980434,26.27442136239093
535,2.0194800235578198e-254,391694.9226170297,781.4172534508043,13.109285150614628
536,1.9022384157422677e-254,58288.82612201003,108.57808113288718,29.461666996977875
537,1.832668237891909e-254,189763.73157460234,376.50891866773736,18.456723405664974
538,1.7403810429815174e-254,226809.65512079757,450.93391917277916,25.50358560690529
539,1.669023238951426e-254,153718.08965476256,303.9356500034321,20.715186132116823
540,1.6569975578866483e-254,255694.67128654543,508.895913406185,3.609123317856614
541,1.6158635814117532e-254,402368.07002566697,802.789441002763,12.490204504983026
542,1.5212030129365296e-254,152991.23722533666,302.46982713240936,29.733041785748604
543,1.4736006487418985e-254,339696.9205994025,677.2716918322133,15.770645718142692
544,1.4495922785978752e-254,145166.8373036624,286.6826597159709,8.179611947669905
545,1.4145000538730457e-254,108518.2216361271,212.45928734033885,12.178326502237386
546,1.3305808804011331e-254,407028.1080841727,812.1203943304681,30.117428759209727
547,1.303178450666105e-254,90644.95287951181,175.97101261459113,10.350736880316251
548,1.2226371013701214e-254,329103.51837998274,656.0485859740811,31.394701741962766
549,1.132074484065109e-254,448085.7764833221,894.3217469515376,37.74823645477974
550,1.112167369396245e-254,146952.20128801645,290.2862976007673,8.831312691170382
551,1.068926462484399e-254,474634.4589991244,947.4667790559661,19.632648324037824
552,1.0564656734418039e-254,273294.2224465855,544.1918786638734,5.845732830760177
553,9.874772967558421e-255,239765.02180396483,476.9365402045754,33.20173033463095
554,9.187687689785078e-255,159353.48837849608,315.29654757262267,35.4171138059496
555,8.871529487155455e-255,70114.77058005938,133.53828959234704,17.35615515046371
556,8.497885861126436e-255,84761.73324724345,163.88609942889423,21.285107861777618
557,8.376125879034314e-255,259166.19941215278,515.8591283941284,7.189981685347597
558,8.228098871418999e-255,474909.3726886401,948.0170720504948,8.875633842737408
559,7.5930646052343565e-255,204335.82800465202,405.7988067367505,39.364135307199476
560,7.397286307012915e-255,285519.6705508692,568.7029668531471,12.976105397175289
561,7.110789547211248e-255,449518.7647160925,897.1904406028732,19.556213353892552
562,6.9863053553196875e-255,300545.9572572639,598.8227576726038,8.791838775509426
563,6.44918778919321e-255,170663.4380987916,338.0788801093503,39.20943495295923
564,6.021939774140618e-255,77577.29844455111,149.0558364646471,33.6917389365966
565,5.56130124937089e-255,380636.24382347445,759.2715282118047,39.007481584720566
566,5.215465306062144e-255,438547.78321445745,875.2272204929052,31.59210831701908
567,4.960734763559921e-255,385438.0756094509,768.8877103975404,24.726389037599382
568,4.611019317043097e-255,91598.0935437851,177.92471761331933,35.89248693292383
569,4.398041342644727e-255,168461.60282416322,333.6453377629373,23.3674764464127
570,4.070543910739556e-255,292893.8935578792,583.4852692287094,37.95238283072712
571,3.7541631434249265e-255,307443.28166443267,612.6460427885861,39.64821302124705
572,3.475499685557124e-255,218108.14543208666,433.46296923362274,37.8294588702804
573,3.3299104740320383e-255,200795.16680121588,398.68406226647846,21.16914250157796
574,3.119633107230815e-255,217839.81752427667,432.92413115002705,32.088875005395465
575,2.9900139949581804e-255,160641.40072522534,317.8920527880209,20.99513444969168
576,2.820486019853217e-255,375421.50407424534,748.8280889551409,28.762672696763158
577,2.6534230963472513e-255,475401.3271010513,949.0018127392118,30.068024538478156
578,2.536617501789205e-255,255272.65509903958,508.0493926534667,22.258070742049988
579,2.4034093144542426e-255,490767.7082122126,979.7597160281271,26.611126456177907
580,2.337296922410697e-255,287493.5433509523,572.6599465647971,13.84978524661117
581,2.2310676446999754e-255,178420.49808709437,353.6922354044451,22.989062948652965
582,2.160921610935708e-255,473413.10907081905,945.0220040633075,15.845829098015958
583,2.1000804583945261e-255,126848.16754839222,249.65209872188154,14.17810291519596
584,1.992984459695493e-255,238777.47950589296,474.9548067674649,25.831708982922397
585,1.9323599743737039e-255,320380.63743017276,638.571117681362,15.326930057180828
586,1.8885785351927257e-255,301325.99548716325,600.3861389656354,11.393394169068948
587,1.780817516366342e-255,319045.7247727914,635.8962860942155,28.948676057831044
588,1.7339035387457798e-255,81199.89877961537,156.54496231733128,13.259947062622974
589,1.6181024219790998e-255,195978.59329512477,389.0034765443876,33.970169322825626
590,1.5320871905663276e-255,298012.98836196016,593.7459680317866,26.941979269385826
591,1.4237608909492274e-255,392827.06386680313,783.6843495308708,36.00054399786049
592,1.3790588887337057e-255,215694.57085186464,428.61599274788284,15.823759428727083
593,1.3118002033729717e-255,130249.48082235921,256.53641932026505,24.690530239839717
594,1.260214517576214e-255,442834.125177311,883.808335405244,19.859370572853354
595,1.1783377698030155e-255,488455.4983613136,975.1316147515138,33.030757724900525
596,1.1229801914569107e-255,445404.46660277934,888.9539958257069,23.772250146508917
597,1.0390549166819033e-255,239974.65918068177,477.3572192596075,38.092739049791184
598,1.0096553700104926e-255,57139.39332195225,106.11687179326088,14.248767211418318
599,9.668566556431724e-256,355470.6340583925,708.8691379317731,21.42421282162448
600,9.478777272325591e-256,196763.30673516722,390.58079326332904,9.86340145738724
601,9.267688710424609e-256,280619.32979064225,558.878794064698,11.197491035395778
602,8.932471186938292e-256,58533.56802824755,109.1011215048851,18.251846730853362
603,8.275588695984706e-256,86940.49813710563,168.36704888953852,37.47141302940965
604,7.992191006424534e-256,262634.4987149531,522.8153292655321,17.271664542762483
605,7.769550210368252e-256,403208.85092357,804.4729839819879,14.02702455062628
606,7.363252175313177e-256,122075.18865681578,239.98349282903314,26.497887303457432
607,6.943728083125541e-256,221190.74886133618,439.6528611843985,28.905452697182326
608,6.50367766459803e-256,323795.33099472313,645.4131216288133,32.20549580881018
609,6.175374440184129e-256,413113.5317555276,824.3050747677321,25.566640181686616
610,6.124582657280596e-256,397535.6894350091,793.1131296978106,4.120936660594005
611,5.934943683991775e-256,379923.8807062405,757.8449177142052,15.603522360027057
612,5.691293843326693e-256,354802.35217750067,707.5305457839988,20.741830608497143
613,5.599542602194842e-256,370523.2135834778,739.0180354856883,8.093418021627048
614,5.548793799468036e-256,108548.53561773148,212.52095326533924,4.541827324079151
615,5.3222403783330946e-256,284246.901898404,566.1514067083352,20.62739971675908
616,4.935229227834571e-256,229883.83514210177,457.10503271601874,37.04404799386009
617,4.886881194161784e-256,234668.56342271174,466.70870209871873,4.910311714252764
618,4.8098653836121235e-256,184198.52680133432,365.31666672403185,7.911146082687495
619,4.734650638195783e-256,75891.70737685447,145.5622819875647,7.849607597305649
620,4.555495706554827e-256,325401.4395362728,648.6311808526095,19.10199443445542
621,4.446095584706913e-256,86157.05280001287,166.75656386132687,12.080456915772263
622,4.268922531201941e-256,482717.6840605968,963.6466973333384,20.127116828107052
623,4.185937841936663e-256,190991.1018987555,378.97680401592424,9.767329692522548
624,3.923939577893444e-256,111571.07103869281,218.66653015143766,31.80069150300143
625,3.740416753687089e-256,286844.5605197301,571.3589589967848,23.66503870935504
626,3.628712158637884e-256,60944.59615801748,114.23631675427487,15.045285797548456
627,3.355873384146813e-256,174350.30180567532,345.50089876917093,38.328991873849695
628,3.1469891945420696e-256,455083.2965586997,908.3298927003949,31.622160297507506
629,3.092902578329304e-256,158767.90675759688,314.11632769740424,8.630634764541707
630,2.8722204847647544e-256,365073.66351197043,728.1035194062827,36.33570673050755
631,2.772064802297264e-256,493976.5640601005,986.1824796695669,17.5899387064924
632,2.724235364556669e-256,185966.6541710701,368.87297851516496,8.664579248221695
633,2.6166656415865606e-256,316161.6671089688,630.1172094071026,19.941944337841786
634,2.531286390481243e-256,295524.0304512295,588.7572062140091,16.449811114704847
635,2.4438910968397744e-256,242589.63162831042,482.604474708589,17.41465479911425
636,2.4169037885693995e-256,208088.6622967132,413.3386385157613,5.536708680770985
637,2.2288923505987504e-256,241941.0024695771,481.302957922113,39.68245026601387
638,2.1265881002301917e-256,244677.67153941488,486.7941080774417,23.219136005605993
639,1.993915568093419e-256,328704.36104759504,655.2488574248619,31.69607457671362
640,1.9693181501578327e-256,317366.4566529227,632.5313919114631,6.187260329828689
641,1.861358041228511e-256,449682.2699697822,897.5177600385546,27.796862910740156
642,1.797887063534574e-256,56765.31171585776,105.3141170273293,17.197519669212003
643,1.7209347259838694e-256,292713.52212829835,583.1237187777549,21.634803042530294
644,1.6787296887649502e-256,373770.1406928302,745.5208598766153,12.338359872021613
645,1.6589917705662545e-256,381541.0475265097,761.0835187058501,5.896208253490656
646,1.61180381815139e-256,393473.0296724238,784.9778791959005,14.324471826067711
647,1.5227448819697278e-256,150647.51550029244,297.74248970643055,28.01965220849384
648,1.4604891588717438e-256,461540.0270432594,921.2550925681174,20.65526124592977
649,1.4198726422620715e-256,287301.6231099414,572.2752138648427,14.003151313971586
650,1.3540686535690672e-256,92611.5426739515,180.0008838580518,23.44738683619105
651,1.2645341444292113e-256,125960.0465807061,247.8537690015596,33.626664918992546
652,1.2535919027880131e-256,404591.32263519254,807.2411670219407,4.335990435513928
653,1.173725962010494e-256,296170.74563964625,590.0534724207948,32.37904189507967
654,1.1320351606140834e-256,228891.8816782268,455.11385153673245,17.920597432008414
655,1.1160924701625158e-256,490170.4068374519,978.5641655748238,7.066573921304915
656,1.0829401001457034e-256,104778.92515073121,204.8477783339698,14.963941532265675
657,1.0197712459678946e-256,169884.7904049648,336.51111155317244,29.603629826795444
658,9.540800297796486e-257,103087.54517362679,201.4015341870803,32.7449147068229
659,8.900422409661402e-257,142431.67034824018,281.16025594703706,34.14283364093406
660,8.21069078948006e-257,426752.1128006945,851.611800203081,39.52837461903066
661,7.726683510430515e-257,434475.5489565601,867.0745873902048,29.92187100302718
662,7.199399798623053e-257,254462.13846639686,506.423556854287,34.72383184945849
663,7.043376436509992e-257,452398.10800242546,902.954534645669,10.895211813847983
664,6.555719709158972e-257,73710.3652651362,141.0318779455141,35.239001251320396
665,6.278885584199412e-257,174762.64813527616,346.33086290813617,21.34167193742892
666,5.9406622801389235e-257,305623.1275622837,608.9983041947123,27.30620076863014
667,5.589178027765828e-257,226362.05344727752,450.0353506693616,30.033936864862433
668,5.2300879184516855e-257,164059.5848445212,324.779117763185,32.65693343662132
669,4.9735213480832045e-257,491564.3649040003,981.3542898245204,24.836362945093914
670,4.8569880228374994e-257,273577.8957759575,544.7606835292944,11.784814917867546
671,4.578152100466154e-257,188365.21148200514,373.6966880546744,29.128858114326327
672,4.224728470734714e-257,445605.80873471324,889.3570675617233,39.374099103783486
673,3.990879578416212e-257,54529.70101208464,100.49698618622904,28.070171052289158
674,3.792243911519886e-257,337666.54882943525,673.2041682257641,25.203817738724645
675,3.589703304401999e-257,407532.6789042719,813.1306987172084,27.071005644502648
676,3.343499886721939e-257,153152.5386556131,302.7951294085485,34.90208138145448
677,3.1273254211531277e-257,84095.05051326196,162.513568430889,32.86771519074155
678,2.8863493392477076e-257,230356.25148803846,458.0533074465508,39.29973815969773
679,2.8231259475869118e-257,334559.56326586835,666.9796615017405,11.012778489380818
680,2.79414749939616e-257,308893.39559974225,615.552127283442,5.145572033653721
681,2.594094154175922e-257,498790.07158457395,995.8169506974112,36.46342798890093
682,2.4636785197968816e-257,331908.0512174008,661.6674892531901,25.461163342811982
683,2.4389269786037245e-257,246158.73424122078,489.76570609782044,5.035970060834096
684,2.2913846415763082e-257,175571.34172166546,347.9585150232848,30.719222448038842
685,2.1615180467021616e-257,214749.15696062392,426.7172751768355,28.751336909862882
686,2.1162292210440324e-257,57677.059851978825,107.26913680349651,10.531619320424603
687,1.9553893572751517e-257,483019.828548965,964.2514809685694,38.75239638885117
688,1.8362205092307737e-257,129342.13590737715,254.7003735605997,30.950875834293143
689,1.7279256686135624e-257,284812.7524660989,567.2857921975356,29.936617875147867
690,1.6641757003840213e-257,111921.87438906688,219.3794312916432,18.620323090561637
691,1.6389587868874258e-257,322322.83609254204,642.4627241767403,7.605318010548245
692,1.5813454489485814e-257,434821.64104749716,867.7674714371676,17.733438357197187
693,1.5157293377808341e-257,406418.70523832605,810.9001804472041,20.96672691710836
694,1.417519707689855e-257,142197.04661400142,280.6864455591385,32.939322464732165
695,1.3465317242906878e-257,269311.2170636966,536.2050659444549,25.36109755797891
696,1.2883831987281543e-257,411451.9017381206,820.9780783929507,21.830242454709627
697,1.1982065441044775e-257,450121.1096408164,898.3962674143266,35.630831547850846
698,1.1587475600805048e-257,100970.21232187671,197.08420491095762,16.603693647974836
699,1.076398662816855e-257,468629.553014884,935.4466599197298,36.188378959447185
700,1.0333412384410948e-257,81792.16343927932,157.7670994421195,20.204803527805065
701,1.0241909305125273e-257,124273.83307175172,244.4384996203063,4.4373796505134635
702,1.008783418650737e-257,436751.76121303835,871.6315944178824,7.55030018676954
703,9.650036931047158e-258,486727.3791746713,971.6726018919925,21.93994970542882
704,9.403337457463078e-258,434128.38144910656,866.3795492097169,12.865062137606891
705,8.84402902212994e-258,265442.8875316418,528.4476003046855,30.19578221148376
706,8.699753537810604e-258,254038.8392793566,505.57443800129,8.190200186609399
707,8.452619387818521e-258,340583.7582382826,679.0483030176365,14.30584301183007
708,8.181071785377374e-258,115740.49649573174,227.13496477983756,16.194049800496362
709,7.578796657595235e-258,272899.16732794634,543.3997325689777,37.51266003672147
710,7.32874026486605e-258,470107.29907461576,938.4047130437583,16.635473450109775
711,6.9421930635598845e-258,199238.28545491435,395.5552209700245,26.729234501304056
712,6.688863706366941e-258,62142.14984143652,116.77611974270621,18.415188513759183
713,6.555476671937225e-258,465386.14138588106,928.95415844012,10.021039767672931
714,6.111061958396941e-258,144738.6831031991,285.8183345484018,34.491269177264776
715,5.76364529337085e-258,383699.5579942692,765.406179139172,28.841133999957925
716,5.333912232437966e-258,113108.15580993943,221.7896412134436,38.00168834238307
717,4.944212306745881e-258,63090.76515734326,118.78332590146397,37.2231856685028
718,4.614782979630445e-258,282304.7842658441,562.2578755932868,33.88886986912348
719,4.285953356802209e-258,266800.3850934859,531.1699663989632,36.28619745035802
720,3.9512893696973566e-258,107803.72968914837,211.00566026520767,39.835382803211196
721,3.811109942957417e-258,192556.9469239695,382.1250159459818,17.898621325631588
722,3.6947996362675247e-258,186316.2182865211,369.576026128998,15.377609801136604
723,3.475114717626066e-258,66205.27065873877,125.34739161648235,30.18448692203559
724,3.230992455669251e-258,120259.3945392836,236.30257357785194,35.76387309255429
725,3.0599010489137155e-258,393186.36098964245,784.4038332924334,26.836707061775954
726,2.8630677621479084e-258,121776.03318751408,239.3771603019452,32.69791876963049
727,2.6678511500935393e-258,77355.41358125603,148.59629869390233,34.694048007079914
728,2.633321790850293e-258,386044.7498977078,770.1026183306474,6.4924563870185
729,2.5476049990764226e-258,350721.9188564688,699.357125399016,16.410056526563373
730,2.4897244841550247e-258,225189.90247169667,447.68217200752736,11.425055820021367
731,2.334563309223141e-258,323565.24952226115,644.9521169910674,31.661536745781678
732,2.166672413066614e-258,398217.38662988535,794.4781705132043,36.62848926247377
733,2.1299964874901823e-258,264367.2706519539,526.2904718391039,8.499775780008552
734,2.0127373635522618e-258,297586.8234151094,592.8917940408248,27.915293134894572
735,1.9975015470166031e-258,364370.7915100371,726.6957533223976,3.792039412497111
736,1.8542663345213038e-258,447305.6365191911,892.7599803990546,36.52046454659961
737,1.8331644875358787e-258,441098.8240822448,880.334339798973,5.706361121136908
738,1.7421629219287636e-258,376771.21163343365,751.5311544785129,25.13682472815706
739,1.642538811932085e-258,369487.5117223713,736.9437371175493,29.012951877850632
740,1.5965277357046994e-258,97617.32913140891,190.23969818212845,14.10556846879869
741,1.566001386117783e-258,431660.031555568,861.4378171906137,9.60637272600416
742,1.451542147025498e-258,416739.14548589627,831.5643508790064,37.23841284395973
743,1.4272603567411463e-258,166133.85280194136,328.95737589036605,8.39941050744103
744,1.3243554264391452e-258,321740.39911940636,641.2956975076622,36.72414161805891
745,1.3078953119315204e-258,439965.995928725,878.0664537233175,6.233817321023963
746,1.232832093588492e-258,119898.88533818637,235.57157498597485,29.120179994957
747,1.220901420602507e-258,423975.0977869749,846.0519055340258,4.850489452091182
748,1.1305009274074124e-258,306451.10171418206,610.6576435542315,37.73395364417746
749,1.1076696020410388e-258,461195.692457516,920.565805694841,10.149384988662632
750,1.0236042852324515e-258,61090.843118450684,114.54684621175534,38.695602621541326
751,1.0083401736258357e-258,68501.76980589572,130.16478692004512,7.484066442327851
752,9.993687021558993e-259,136033.69524825955,268.2340439578545,4.458572796033998
753,9.596886214460902e-259,277478.1012146839,552.5808380524949,20.053647633292037
754,9.074415619172378e-259,267789.0176856286,533.1525521828369,27.60176812473373
755,8.639927400321638e-259,312548.8721968023,622.877600983728,24.23392810058248
756,8.365429435879117e-259,464838.92569740175,927.8587612145209,16.01365085624086
757,7.865859636378465e-259,290352.6838412918,578.3913785253841,30.318799147753708
758,7.738703466704813e-259,149301.99631836373,295.0279656546288,8.115721607478878
759,7.374436516427418e-259,440978.1380911324,880.0927308155217,23.819073295228286
760,7.159604301341939e-259,278883.9303907793,555.3994763441035,14.673667100469665
761,6.665154340143729e-259,183487.7833999587,363.8870063768145,35.14823616421137
762,6.235105285002749e-259,196851.40130275144,390.7578641417068,32.79888080079447
763,5.908008848691588e-259,253564.83949905413,504.6236059745678,26.583568643297202
764,5.465509541529254e-259,417528.6138167861,833.145021498519,38.17788200714219
765,5.31434638279901e-259,195624.05818322723,388.29082054645437,13.925789609417652
766,4.9376355367742094e-259,244848.86880452628,487.13760348151163,36.094216368609636
767,4.6993648892103677e-259,167011.68337756858,330.7253877424347,24.426333735273516
768,4.400030263538984e-259,459082.8967637113,916.3364038001912,32.37239889363611
769,4.1511893754019096e-259,252406.71410150785,502.3003893599273,28.688699910603656
770,3.920112424344327e-259,118415.77523657883,232.56362759170747,28.23111778781141
771,3.798548585206493e-259,427865.3969208211,853.8406980641475,15.627252555327914
772,3.6553683991892994e-259,309350.25373656483,616.4676772241503,19.027723816547255
773,3.628800167427528e-259,117833.88299422718,231.38317101700704,3.6407663221613973
774,3.5124971853021175e-259,476224.918304006,950.6503839250371,16.155491234806583
775,3.3595506112913145e-259,67302.32048273677,127.65090322611934,22.01408164956109
776,3.212450141986913e-259,202697.25455066294,402.5063400855572,22.137922699039844
777,2.9896885835790353e-259,55105.13409758573,101.74026610986846,35.29444676390167
778,2.9096589392218654e-259,495009.8285229024,988.250621354273,13.475066386809186
779,2.7881886074536365e-259,109605.93861713943,214.67158568817763,21.096161493630262
780,2.622118866149797e-259,369828.85874389677,737.6273869802574,30.238109119824905
781,2.5728398535470192e-259,204894.47898196793,406.9212748345418,9.44136193096196
782,2.5162136972381472e-259,231138.02393793152,459.6225170504431,11.065828103395368
783,2.3902712729550522e-259,355843.28099564696,709.6155595452835,25.347424059915618
784,2.2170414275908377e-259,268399.13911231456,534.3760588204184,36.917906372328865
785,2.1608090453494696e-259,480638.98184564506,959.4858728210353,12.763302886283125
786,2.0627509352405344e-259,367721.9731813992,733.4076877952277,22.953571037606167
787,1.9025221677390683e-259,351215.71906618006,700.3462606384342,39.62362821044959
788,1.770183947492929e-259,376107.89159936353,750.2027236936133,35.40648863392071
789,1.6455329786631986e-259,109280.34316939552,214.00944114163633,35.85113083246092
790,1.5293489164007017e-259,359088.267439898,716.1152531983828,35.94903302676666
791,1.4632220821358948e-259,132415.65082777262,260.91851487859446,21.858166244398213
792,1.414435069111521e-259,70756.31502234888,134.87790429806637,16.812418357592712
793,1.3776891858312406e-259,321018.58681150526,639.8493941127183,13.075075882230806
794,1.2847780148719209e-259,55485.46471674114,102.56068232124596,34.30846733199242
795,1.2671739296595102e-259,427203.03446586063,852.5145885861939,6.874652549307051
796,1.2491025640984528e-259,82976.28488035705,160.2087592245191,7.156183668213018
797,1.1916416362861587e-259,429803.39372299076,857.7207181416902,23.2716698903319
798,1.1133007717006124e-259,467240.9650669208,932.6670627171818,33.429757619407226
799,1.0852651985135435e-259,147768.97475947512,291.9346269603584,12.671477709649011
800,1.034938270441743e-259,264804.79453348834,527.1679232019828,23.461690926535713
801,1.0150755488579232e-259,288505.66478758486,574.688874881477,9.642579675560967
802,9.422594192186842e-260,150282.78825014396,297.0067117679862,36.53473846644509
803,9.292626151774071e-260,420050.2779157276,838.1938443289287,6.920563774225926
804,8.987910454323291e-260,481582.38336936646,961.3742317161295,16.53222137911467
805,8.755014314791121e-260,421794.72756133764,841.6865061096124,13.041113415560865
806,8.651212045754166e-260,77884.53746583368,149.6919827173499,5.945837503584549
807,8.580311166481369e-260,387379.2351403987,772.7750016147409,4.106172869429486
808,8.0327311332953e-260,499841.29049572034,997.9209976579066,32.43511960498541
809,7.854206137347443e-260,380031.2010862126,758.0598428003412,11.17478519379198
810,7.477728806275366e-260,331142.02063425607,660.132757695412,24.26090188374903
811,7.418489044495224e-260,175016.9206611298,346.842645952054,3.9689561553809583
812,7.129390728345373e-260,137948.52207024334,272.10399436637465,19.678610241677514
813,6.939381940198173e-260,259857.7495274134,517.2461793569125,13.415729051211567
814,6.454683916027175e-260,123185.8926245849,242.2343273658695,35.555825515514776
815,6.241444423692799e-260,497931.2560679536,994.0979999851824,16.656924444329523
816,6.0027024529142336e-260,360769.23770286,719.482160124924,19.31201543292357
817,5.894165131046266e-260,463220.4948766855,924.6190295993287,9.081945677801489
818,5.8064015904339616e-260,401420.73130924325,800.8925213064109,7.472872866870439
819,5.713379698064176e-260,215629.7735586675,428.48585964810525,8.042629462428689
820,5.340429365003051e-260,240856.22697713022,479.1262331476745,33.18908678332646
821,5.112276079946964e-260,172360.18487070367,341.4948604054906,21.594102229261313
822,5.060977639094212e-260,344720.040447896,687.3343599479006,5.029831779724297
823,4.953797131474349e-260,101892.86993481628,198.965991610914,10.645577534883756
824,4.772193496611971e-260,452790.73235413583,903.740515357119,18.50088212689907
825,4.546916130236616e-260,302094.30031659006,601.9259869289978,23.888454885004553
826,4.3835459015432855e-260,210043.73275935077,417.26608576624847,18.129284020829278
827,4.2898183749066784e-260,424196.40332289366,846.4949867982361,10.748600607534236
828,4.000711878921305e-260,334894.73751802184,667.6511560304741,34.28453716414071
829,3.772815891982263e-260,256058.69257592145,509.6260957411334,28.899520591280687
830,3.6692339500419035e-260,183225.41699673835,363.35924001067974,13.822941654026934
831,3.561070932788163e-260,171911.6342050828,340.59185864297956,14.849435310560981
832,3.3666311057347746e-260,286414.151782843,570.4961297605473,27.68395236676519
833,3.247582120476697e-260,250653.37692027524,498.7830452718565,17.839859412395217
834,3.072236450881078e-260,148494.2158800949,293.3980945558859,27.370924902944665
835,3.0007728048068885e-260,207060.79749320724,411.27367706122504,11.698990804082435
836,2.8200691135830737e-260,176758.13675448747,350.3469955943443,30.57700213848307
837,2.7152567793976282e-260,478353.1729734111,954.9104598067188,18.759246412935546
838,2.5501763228136034e-260,348255.6406773398,694.4168378467189,30.875325186640325
839,2.426160335196046e-260,418047.1029572124,834.1831349899219,24.61820707468871
840,2.252800931081551e-260,400921.08782135515,799.8920474317346,36.38919891180387
841,2.0826174289603757e-260,422739.33302401105,843.5777413759695,38.5131678682533
842,1.9632769185505076e-260,299616.73093431024,596.9603454786354,29.074223386953847
843,1.80975699053967e-260,250457.09999186746,498.389287593121,39.893630169900966
844,1.704895902302276e-260,209396.00334387665,415.96492958112003,29.403318654476195
845,1.5956853179323265e-260,172715.58296408146,342.2103093989283,32.558549381311394
846,1.5526890089106473e-260,283527.26225025003,564.7086978772218,13.564678268957149
847,1.4619260458481003e-260,428125.67276563466,854.3617926433194,29.667757642381186
848,1.3871523675186654e-260,395450.2036085721,788.9370857892515,25.90933382453563
849,1.2945636371255742e-260,245912.57470136174,489.27182062316695,33.94997012267022
850,1.251556103848249e-260,271553.2965115517,540.7010102971115,16.75112243352573
851,1.2320987301685622e-260,130921.24872632645,257.8955681766938,7.803721692405752
852,1.1519104521142867e-260,477664.59129770723,953.5321460160235,33.088769549037416
853,1.1317960366561196e-260,311112.32092431246,619.9988330899014,8.769344417909458
854,1.0592450783975184e-260,466173.5469574593,930.5303553790861,32.58204610964624
855,1.0178357838812152e-260,415127.94909654354,828.3383987736165,19.74146980948418
856,9.906044977154185e-261,350763.5235143106,699.4404641971971,13.467742908662117
857,9.669974208787207e-261,90402.38977421552,175.47364480249576,11.98733857906651
858,9.18748101157848e-261,483732.17689038947,965.6773414243753,25.267224809137552
859,8.537357665891472e-261,159811.14108351126,316.218883637314,36.03001651966577
860,8.13657139142951e-261,175949.69375668283,348.71998849676163,23.754642626344467
861,7.539034894677169e-261,249251.0810763296,495.9698108211503,37.419283716252025
862,6.989321739646186e-261,347576.2262219859,693.0558597388956,37.14777200034174
863,6.5946039315905755e-261,136786.1507124588,269.7549293688136,28.647544950731046
864,6.090528218588295e-261,229214.93604539486,455.76233631734044,38.97846140348168
865,6.053782891784251e-261,179397.4632055476,355.65804235536893,3.0211597589593353
866,5.7409302490534995e-261,132047.51980609098,260.17391665811317,26.182187111229847
867,5.5101344207912045e-261,447512.1519539262,893.1734053080022,20.30709769373044
868,5.3111219244734475e-261,256821.8276870003,511.15683185401866,18.224842068470902
869,5.161021281439893e-261,402752.9003397845,803.5600094616746,14.232060680190703
870,4.77992657866294e-261,317502.56156443077,632.8041195694709,37.628422982847084
871,4.549640177287142e-261,388531.5581766961,775.0825756679756,24.386250319383613
872,4.362210529904286e-261,87038.95790028175,168.56938661101526,20.81492403127457
873,4.206292332832843e-261,220538.07843740785,438.3423522444656,18.034080339927513
874,4.147739405496507e-261,73411.87993359195,140.41108167294976,6.984551031514172
875,3.9984753540745325e-261,303763.2842841856,605.2709325231513,18.158283691623872
876,3.7091327226254087e-261,163654.51738107373,323.96308848924286,36.86098611987158
877,3.5484160170671868e-261,348782.6539267094,695.4725256485556,21.904910487484685
878,3.4206031584817512e-261,457037.8820597418,912.2426524490749,18.17501246378125
879,3.3589602751911584e-261,314248.21470286255,626.282920342466,9.051493087743651
880,3.258342045091529e-261,145971.18957287152,288.30629378659876,15.091461708590256
881,3.0301530729912887e-261,482269.0008634108,962.7485952257175,35.651636523799006
882,2.9093347274333615e-261,303499.3708434805,604.7420074256265,20.13879918519956
883,2.721359150187653e-261,122784.6847837097,241.4213463646489,32.8449914565549
884,2.6077861308795065e-261,71613.28936689768,136.66555801246113,21.089346560694082
885,2.431586266474706e-261,429989.6890735812,858.0936939784834,34.374212503573176
886,2.3868143706883556e-261,258665.3430614053,514.8545410382837,9.249087303917982
887,2.3062229391614765e-261,269591.6368095531,536.7673902891023,17.02760463054751
888,2.247130587985693e-261,477347.64502181346,952.8977228107467,12.894635993369171
889,2.0948491038487917e-261,409042.06217005866,816.152926306632,34.47790423300511
890,1.9598041463687096e-261,114183.03198395962,223.97279470501178,32.769543208297115
891,1.8866545618083478e-261,187339.16249038538,371.63329832837303,18.839944922191737
892,1.8473781079870469e-261,322505.61696042743,642.8289598674944,10.463766178550099
893,1.821160822532052e-261,115206.16642351409,226.05024850953657,7.121164776689064
894,1.7628984603819271e-261,368233.14345314977,734.4314728656722,16.125964366855467
895,1.682964482395616e-261,432304.0101849945,862.7270928944763,22.934168424178477
896,1.6193261119365255e-261,491040.4756858896,980.3056829905111,19.08882061994101
897,1.5284009187622933e-261,224299.27579257012,445.8941110438178,28.480581642606516
898,1.4494984463460158e-261,461961.49636615167,922.0987860296002,26.154118198893634
899,1.4035327065166096e-261,383368.4272471253,764.7430566514461,15.983475341188147
900,1.310383225588933e-261,330341.64833350555,658.5292096670065,33.75358906929808
901,1.2397656169400727e-261,485760.7112259169,969.7377053747441,27.3185548935844
902,1.1968015815860032e-261,237751.87186555783,472.89662717259,17.480262814619365
903,1.1732077250785862e-261,143827.0387410979,283.9778120567544,9.90611153215412
904,1.1627166898162106e-261,403761.4377119751,805.5794551379029,4.481130524221413
905,1.0755927607781329e-261,475779.34804252756,949.7584926587373,38.19510716056928
906,1.023872221494898e-261,484958.06600263936,968.1311143679765,24.339000932846563
907,9.9559839607851e-262,149483.08387382477,295.39332696000747,13.903961819888693
908,9.546360275923025e-262,236673.89598303175,470.7332896209841,20.78779916010648
909,9.425760792249699e-262,405384.4606019394,808.8292915342381,6.336592665472914
910,9.071300386552944e-262,200248.73842083372,397.58594043479934,18.982923475778975
911,8.762934681643341e-262,378545.4907834925,755.0844716617721,17.143728809937386
912,8.335854781202135e-262,107239.59945383877,209.85769724256807,24.672919433876856
913,7.954373817669243e-262,161493.67688458122,319.60945162598875,23.1498931150436
914,7.848533192853574e-262,474064.20785491494,946.3253092171707,6.67526239091103
915,7.378807830297028e-262,497091.5033179349,992.4171996745947,30.386060752763164
916,7.266652064416601e-262,274759.80949408485,547.1305538103852,7.628957304977078
917,7.131845861809876e-262,161061.33251347844,318.73826350691945,9.319097571759947
918,7.01234099313395e-262,209332.40887280682,415.8371793386566,8.413651318837758
919,6.484778770793464e-262,425398.9350271551,848.9025965528671,38.35214104158644
920,6.267562704021109e-262,356210.21156624914,710.3505288068383,16.89079732996254
921,5.797134695545249e-262,479570.52479559206,957.3471892147586,38.26072511430364
922,5.607639252731705e-262,119031.25675165911,233.81203930941126,16.479678106009526
923,5.409844695147514e-262,382083.5251392462,762.1698972779418,17.794491905506696
924,5.34491847747228e-262,170381.50105497436,337.51122515154157,6.018860249281971
925,5.246450872996963e-262,341256.3185581379,680.3956399526065,9.254148569916733
926,4.99790206367883e-262,304488.51079172106,606.7243935234651,23.9747220283298
927,4.8832720652906173e-262,292295.364269632,582.2855269417046,11.53433199378312
928,4.6364652860429293e-262,352650.4428519808,703.2201430552968,25.598271500626716
929,4.471323566504209e-262,408218.00750122685,814.5029305757804,17.970479745265013
930,4.2057394863378387e-262,182096.71314993105,361.08868017591897,30.153205672139787
931,4.177911884976262e-262,323104.3349980444,644.0285981760603,3.313779329253464
932,3.995731630732631e-262,419293.20346998115,836.678052767786,22.045796575966865
933,3.9175550710604906e-262,497322.15117145784,992.8788514534265,9.830831422222555
934,3.8671054078105703e-262,478962.765312514,956.1306601835194,6.459786443856672
935,3.7799782247636075e-262,464400.117362414,926.9803683868574,11.329344880517105
936,3.687601142327595e-262,167765.2135547488,332.24294437171613,12.294842768587035
937,3.4996715518418326e-262,179196.08962522802,355.2528579671625,25.814472966793105
938,3.466350279083091e-262,139647.8720477991,275.53749883602177,4.772014632987798
939,3.258063228598161e-262,294830.53304744366,587.367156499176,30.509560140492
940,3.079665089084697e-262,443681.9293875419,885.5055920325152,27.763344777478473
941,2.890663723115112e-262,340332.04995377886,678.5440547244802,31.17119837964937
942,2.737412697891663e-262,414512.3816596136,827.1058966988425,26.868899213519164
943,2.706318491929332e-262,398665.0876468538,795.3746507502952,5.695708699463388
944,2.603541836993532e-262,454863.3400786109,907.8895739476028,19.172061824550298
945,2.583247352604919e-262,392102.43879782245,782.233300446518,3.9051010490731386
946,2.4698896636396995e-262,414717.5172469428,827.5166239411399,22.187060958111744
947,2.2776149054387597e-262,371830.71896365524,741.6366773900153,39.71228746513581
948,2.233711400474337e-262,428599.75155691785,855.3109373691515,9.684942976162574
949,2.1809039707642556e-262,59344.1892288172,110.8310972537887,11.891258880308403
950,2.1657026911464288e-262,453997.5998604066,906.1564924927611,3.491181049747098
951,2.1223834301246338e-262,228255.57368335847,453.8365356059311,10.051720741076384
952,2.0415769824124545e-262,112769.96058283669,221.1026029713761,19.221454399338057
953,1.9728227739080252e-262,432836.42644751724,863.793012483018,16.98271125348398
954,1.853624226437015e-262,352498.32808034733,702.9154450344222,30.680806873862494
955,1.796896399728529e-262,361844.58618370706,721.6360098455457,15.42076810911469
956,1.755423738722246e-262,156491.35633859682,309.5273561964643,11.607447700241597
957,1.7023526055425292e-262,102019.3692228998,199.2239357866764,15.232343318118946
958,1.6840661876740044e-262,473747.51352268195,945.691382204879,5.385426861404461
959,1.6323080568386197e-262,98848.04317678256,192.75322098341712,15.486934633276782
960,1.569684864824802e-262,81505.41588308685,157.17547169501245,19.370004627585075
961,1.5533709537413162e-262,411970.9699947299,822.0173853345839,5.210128873910492
962,1.4581472532506772e-262,140285.31234104233,276.8252099850597,31.135369005983925
963,1.3767471568488404e-262,324241.3161050719,646.3067199434936,28.312978383260933
964,1.3149571933431538e-262,261084.77870063393,519.7071955048509,22.69816670883795
965,1.2802173400678185e-262,458276.83869528794,914.7228246124986,13.297916987986458
966,1.2539192650454024e-262,205988.83721684772,409.12002888632685,10.324236511071618
967,1.1583653130256155e-262,342824.63483565307,683.5374066003735,38.85705015123097
968,1.0953859604404626e-262,248206.964958256,493.87507923959555,27.564481859316054
969,1.0672709321075639e-262,326099.70550276304,650.0302346203016,12.916811031897538
970,9.948493245194751e-263,448374.63940076396,894.9000219221197,34.524374365346496
971,9.192681112043709e-263,178002.49288849664,352.85110275361876,38.736520576782155
972,8.676237517565306e-263,300418.3176753362,598.5669360836655,28.495942445325433
973,8.22675541511994e-263,63251.833593739706,119.12374698486383,26.247520428061367
974,7.991720622424434e-263,232194.34650816343,461.7427549004949,14.38829209819977
975,7.610828381233629e-263,492934.68430177413,984.0970870776911,24.1213474135507
976,7.387747905192633e-263,127759.06120181512,251.49620805398376,14.76446084216867
977,6.893466877285498e-263,361221.54993384366,720.3881129984056,34.03183705704244
978,6.84036858235444e-263,368307.8119502783,734.58102052971,3.858794248239157
979,6.484658062637135e-263,408306.213646515,814.6795451499536,26.347936770768683
980,6.0429732655030906e-263,267292.7715731585,532.1573942410785,34.656678956024614
981,5.8408931331005396e-263,478796.48264937813,955.7978180556436,16.86242776113497
982,5.681700153115348e-263,119400.05370942321,234.55999825421247,13.721592916400787
983,5.320147578906846e-263,121098.79070341014,238.00436262878736,32.340232801327716
984,5.2804250907890254e-263,211459.86069985677,420.11067429259174,3.7402075679456317
985,4.9318643690630826e-263,495380.0441696996,988.9916288521515,33.56840581851008
986,4.772519385614957e-263,192020.7248474137,381.04694479093166,16.287277359841283
987,4.514330056004989e-263,436122.1366650973,870.3710825553258,27.42566779292838
988,4.273532994142474e-263,332586.82281794865,663.0273883116935,27.03576497329238
989,4.0820225684422935e-263,488053.24602072826,974.3264660168048,22.663383701065506
990,3.917254097069792e-263,405603.78788560117,809.2684560089567,20.390087587309132
991,3.864772730266958e-263,484066.0410815939,966.345614062189,6.721332415667753
992,3.563420487176496e-263,383069.45295536314,764.1443294010822,39.77821183250515
993,3.388955869802622e-263,288775.24160146114,575.2292708820773,24.78713800889672
994,3.367270889629185e-263,160590.8552030125,317.7901954667939,3.204494461752155
995,3.315392064143221e-263,472192.64801168075,942.5789975571643,7.733295446776985
996,3.1205067120459614e-263,135047.7538465456,266.2409505772447,29.836092557305342
997,3.005963203879876e-263,410961.7904683656,819.9967479927466,18.524937363426513
998,2.8384381818044495e-263,406836.02297327865,811.7357807010563,28.26490018822516
999,2.6325193080696556e-263,369013.45072044997,735.9942847266516,36.956149303184915
